<ti:app xmlns:ti="http://ti.appcelerator.org">
    <guid>723f12db-28ec-4c4e-9b22-3ce0785f6c35</guid>
    
    <id>ThermostatMonitor</id>
    <name>ThermostatMonitor</name>
    <version>1.0</version>
    <publisher>ThermostatMonitor.com</publisher>
    <url>http://www.thermostatmonitor.com/</url>
    <description>Monitors your thermostat usage</description>
    <icon>logo.png</icon>
    <copyright>ThermostatMonitor.com</copyright>
    
    <window>
        <id>initial</id>
        <title>Thermostat Monitor</title>
        <url>app://index.html</url>
        <width>300</width>
        <max-width>3000</max-width>
        <min-width>0</min-width>
        <height>300</height>
        <max-height>3000</max-height>
        <min-height>0</min-height>
        <fullscreen>false</fullscreen>
        <resizable>true</resizable>
        <chrome scrollbars="true">true</chrome>
        <maximizable>true</maximizable>
        <minimizable>true</minimizable>
        <closeable>true</closeable>
    </window>
</ti:app>